"Prenoèitvene zmogljivosti po: VRSTE OBÈIN, VRSTE NASTANITVENIH"
"OBJEKTOV, LETO , MERITVE"

" ";" ";" ";"Število objektov";"Število sob";"Zmogljivosti - ležišèa - SKUPAJ";"Zmogljivosti - ležišèa - stalna"
"SLOVENIJA"
" ";"Vrste nastanitvenih objektov - SKUPAJ"
" ";" ";"2008";...;40698;110248;101708
" ";" ";"2009";...;41300;111985;103255
" ";" ";"2010";...;42414;117947;108836
" ";" ";"2011";...;42720;118817;109684
" ";" ";"2012";...;43100;121541;111907
" ";" ";"2013";...;42998;122177;112105
" ";" ";"2014";...;43218;123235;113131
" ";" ";"2015";...;44123;126809;116453
" ";" ";"2016";...;45166;130355;119536
" ";" ";"2017";...;46271;134808;123225
" ";"Hoteli"
" ";" ";"2008";267;17919;38425;34714
" ";" ";"2009";269;18212;38778;35030
" ";" ";"2010";280;18348;39871;36098
" ";" ";"2011";288;18727;40834;36958
" ";" ";"2012";290;18719;41013;36905
" ";" ";"2013";289;18801;41163;36986
" ";" ";"2014";297;18719;41208;36944
" ";" ";"2015";308;18865;41685;37389
" ";" ";"2016";324;19090;42682;38061
" ";" ";"2017";327;19519;43725;38804
" ";"Moteli"
" ";" ";"2008";12;237;508;486
" ";" ";"2009";11;213;460;434
" ";" ";"2010";11;185;400;392
" ";" ";"2011";10;149;328;320
" ";" ";"2012";8;107;231;223
" ";" ";"2013";8;102;224;214
" ";" ";"2014";7;91;208;196
" ";" ";"2015";7;92;205;195
" ";" ";"2016";9;109;290;274
" ";" ";"2017";9;113;308;294
" ";"Penzioni"
" ";" ";"2008";105;1307;3544;3238
" ";" ";"2009";106;1301;3499;3178
" ";" ";"2010";101;1182;3191;2816
" ";" ";"2011";95;1114;3026;2672
" ";" ";"2012";89;1050;2775;2478
" ";" ";"2013";88;1013;2676;2348
" ";" ";"2014";84;947;2522;2214
" ";" ";"2015";88;1002;2608;2313
" ";" ";"2016";91;1019;2602;2369
" ";" ";"2017";91;1020;2623;2382
" ";"Gostišèa"
" ";" ";"2008";172;1464;3639;3450
" ";" ";"2009";172;1417;3487;3279
" ";" ";"2010";166;1399;3412;3211
" ";" ";"2011";165;1443;3508;3284
" ";" ";"2012";164;1416;3464;3230
" ";" ";"2013";160;1401;3342;3099
" ";" ";"2014";161;1311;3141;2933
" ";" ";"2015";186;1481;3593;3344
" ";" ";"2016";185;1466;3581;3302
" ";" ";"2017";181;1441;3539;3271
" ";"Prenoèišèa"
" ";" ";"2008";98;793;2166;2033
" ";" ";"2009";109;861;2403;2264
" ";" ";"2010";89;583;1465;1334
" ";" ";"2011";90;649;1597;1478
" ";" ";"2012";91;723;1808;1690
" ";" ";"2013";94;785;1946;1825
" ";" ";"2014";98;1004;2428;2280
" ";" ";"2015";92;904;2171;2033
" ";" ";"2016";83;767;1839;1710
" ";" ";"2017";90;815;2019;1888
" ";"Apartmajska in poèitniška naselja"
" ";" ";"2008";65;1360;4981;4031
" ";" ";"2009";57;1410;5248;4278
" ";" ";"2010";41;1610;5678;4784
" ";" ";"2011";43;1801;6210;5255
" ";" ";"2012";39;1796;6322;5279
" ";" ";"2013";30;1719;5992;5173
" ";" ";"2014";30;1737;6085;5248
" ";" ";"2015";31;1736;5983;5173
" ";" ";"2016";35;1849;6253;5457
" ";" ";"2017";36;1793;5864;5200
" ";"Kampi"
" ";" ";"2008";64;6958;19044;18991
" ";" ";"2009";63;6846;18563;18510
" ";" ";"2010";64;7276;21448;21263
" ";" ";"2011";67;7450;21690;21523
" ";" ";"2012";70;7335;22905;22737
" ";" ";"2013";74;7119;22660;22353
" ";" ";"2014";75;7313;23235;22932
" ";" ";"2015";81;7597;24227;23819
" ";" ";"2016";83;7863;25199;24887
" ";" ";"2017";85;7875;26243;25812
" ";"Turistiène kmetije z nastanitvijo"
" ";" ";"2008";236;1181;3379;3036
" ";" ";"2009";262;1283;3738;3368
" ";" ";"2010";303;1509;4342;3906
" ";" ";"2011";310;1484;4411;3932
" ";" ";"2012";325;1548;4661;4148
" ";" ";"2013";335;1601;4886;4326
" ";" ";"2014";348;1657;5003;4446
" ";" ";"2015";332;1624;5044;4441
" ";" ";"2016";332;1619;5008;4453
" ";" ";"2017";346;1659;5157;4578
" ";"Mladinski hoteli"
" ";" ";"2008";-;-;-;-
" ";" ";"2009";-;-;-;-
" ";" ";"2010";24;310;1094;1043
" ";" ";"2011";34;380;1384;1324
" ";" ";"2012";42;501;1811;1667
" ";" ";"2013";49;564;2175;1986
" ";" ";"2014";56;621;2373;2224
" ";" ";"2015";67;761;2797;2623
" ";" ";"2016";87;970;3662;3469
" ";" ";"2017";88;1087;3880;3659
" ";"Zasebne sobe, apartmaji, hiše"
" ";" ";"2008";...;4792;15039;13366
" ";" ";"2009";...;5024;16117;14340
" ";" ";"2010";...;4479;15067;13201
" ";" ";"2011";...;4370;14801;12804
" ";" ";"2012";...;4762;16121;13928
" ";" ";"2013";...;4776;16341;13869
" ";" ";"2014";...;4710;16505;13988
" ";" ";"2015";...;4789;17669;15010
" ";" ";"2016";...;5188;18743;15751
" ";" ";"2017";...;5878;21661;18180
" ";"Planinski domovi in koèe"
" ";" ";"2008";134;1040;6541;6128
" ";" ";"2009";140;1091;6797;6335
" ";" ";"2010";152;1155;7218;6809
" ";" ";"2011";144;1128;7034;6724
" ";" ";"2012";142;1119;6780;6445
" ";" ";"2013";148;1162;6892;6551
" ";" ";"2014";145;1123;6653;6335
" ";" ";"2015";143;1121;6699;6381
" ";" ";"2016";147;1143;6711;6373
" ";" ";"2017";150;1148;6624;6432
" ";"Delavski poèit.domovi in apartmaji, otroški in mladinski poèitniški domovi"
" ";" ";"2008";...;1740;7577;7003
" ";" ";"2009";...;1702;7380;6895
" ";" ";"2010";...;1708;7519;7039
" ";" ";"2011";...;1523;6807;6423
" ";" ";"2012";...;1495;6721;6366
" ";" ";"2013";...;1485;6725;6387
" ";" ";"2014";...;1438;6613;6263
" ";" ";"2015";...;1448;6579;6246
" ";" ";"2016";...;1409;6454;6141
" ";" ";"2017";...;1327;6032;5731
" ";"Drugi nastanitveni objekti"
" ";" ";"2008";38;241;754;717
" ";" ";"2009";41;265;848;811
" ";" ";"2010";35;228;766;729
" ";" ";"2011";29;162;552;512
" ";" ";"2012";28;132;412;404
" ";" ";"2013";31;163;459;442
" ";" ";"2014";30;186;570;554
" ";" ";"2015";33;229;654;629
" ";" ";"2016";37;312;920;910
" ";" ";"2017";37;330;941;906
" ";"Zaèasne nastanitvene zmogljivosti in marine"
" ";" ";"2008";33;1666;4651;4515
" ";" ";"2009";32;1675;4667;4533
" ";" ";"2010";32;2442;6476;6211
" ";" ";"2011";32;2340;6635;6475
" ";" ";"2012";30;2397;6517;6407
" ";" ";"2013";30;2307;6696;6546
" ";" ";"2014";32;2361;6691;6574
" ";" ";"2015";32;2474;6895;6857
" ";" ";"2016";30;2362;6411;6379
" ";" ";"2017";29;2266;6192;6088
"Zdraviliške obèine"
" ";"Vrste nastanitvenih objektov - SKUPAJ"
" ";" ";"2008";...;8428;20910;19090
" ";" ";"2009";...;8408;21001;19194
" ";" ";"2010";...;8429;21777;19779
" ";" ";"2011";...;8731;22335;20296
" ";" ";"2012";...;8628;21845;19879
" ";" ";"2013";...;8778;22399;20291
" ";" ";"2014";...;8700;22232;20189
" ";" ";"2015";...;8753;22316;20272
" ";" ";"2016";...;8818;22436;20391
" ";" ";"2017";...;8829;22536;20468
" ";"Hoteli"
" ";" ";"2008";62;5018;10161;9210
" ";" ";"2009";61;4940;10022;9072
" ";" ";"2010";65;5077;10841;9810
" ";" ";"2011";67;5296;11115;10025
" ";" ";"2012";63;5212;10786;9770
" ";" ";"2013";62;5320;11033;9994
" ";" ";"2014";65;5230;10850;9860
" ";" ";"2015";66;5245;10877;9889
" ";" ";"2016";70;5258;10910;9909
" ";" ";"2017";69;5323;11157;10078
" ";"Moteli"
" ";" ";"2008";2;21;43;43
" ";" ";"2009";2;21;43;43
" ";" ";"2010";2;21;43;43
" ";" ";"2011";2;21;43;43
" ";" ";"2012";2;19;42;42
" ";" ";"2013";3;29;68;68
" ";" ";"2014";2;17;48;48
" ";" ";"2015";2;19;48;48
" ";" ";"2016";2;19;48;48
" ";" ";"2017";2;19;48;48
" ";"Penzioni"
" ";" ";"2008";12;178;514;429
" ";" ";"2009";13;191;563;462
" ";" ";"2010";11;154;460;364
" ";" ";"2011";9;131;394;309
" ";" ";"2012";8;105;327;249
" ";" ";"2013";8;105;324;249
" ";" ";"2014";8;103;313;237
" ";" ";"2015";8;101;304;224
" ";" ";"2016";9;112;339;271
" ";" ";"2017";9;115;345;277
" ";"Gostišèa"
" ";" ";"2008";11;115;297;288
" ";" ";"2009";11;115;297;289
" ";" ";"2010";10;84;221;202
" ";" ";"2011";11;94;247;224
" ";" ";"2012";11;95;240;221
" ";" ";"2013";11;94;242;220
" ";" ";"2014";13;107;265;246
" ";" ";"2015";14;113;279;260
" ";" ";"2016";14;112;280;259
" ";" ";"2017";15;117;305;273
" ";"Prenoèišèa"
" ";" ";"2008";9;70;162;146
" ";" ";"2009";9;75;168;150
" ";" ";"2010";10;100;219;203
" ";" ";"2011";9;99;213;199
" ";" ";"2012";10;106;223;209
" ";" ";"2013";12;110;267;252
" ";" ";"2014";8;96;233;222
" ";" ";"2015";9;103;262;250
" ";" ";"2016";9;101;250;237
" ";" ";"2017";11;107;266;250
" ";"Apartmajska in poèitniška naselja"
" ";" ";"2008";24;775;2820;2340
" ";" ";"2009";20;850;3122;2599
" ";" ";"2010";17;813;3018;2605
" ";" ";"2011";18;850;3153;2734
" ";" ";"2012";18;852;3162;2753
" ";" ";"2013";15;843;3108;2707
" ";" ";"2014";15;855;3141;2742
" ";" ";"2015";15;867;3165;2776
" ";" ";"2016";17;954;3325;2937
" ";" ";"2017";17;918;3173;2861
" ";"Kampi"
" ";" ";"2008";7;1410;4137;4112
" ";" ";"2009";7;1410;4137;4112
" ";" ";"2010";7;1350;4237;4072
" ";" ";"2011";8;1390;4317;4152
" ";" ";"2012";7;1360;4197;4032
" ";" ";"2013";8;1393;4420;4160
" ";" ";"2014";7;1410;4388;4128
" ";" ";"2015";7;1410;4388;4128
" ";" ";"2016";7;1410;4388;4128
" ";" ";"2017";7;1410;4388;4128
" ";"Turistiène kmetije z nastanitvijo"
" ";" ";"2008";28;129;380;334
" ";" ";"2009";31;127;371;345
" ";" ";"2010";34;147;435;376
" ";" ";"2011";34;156;466;414
" ";" ";"2012";32;142;439;385
" ";" ";"2013";35;155;488;408
" ";" ";"2014";30;136;427;349
" ";" ";"2015";26;135;399;331
" ";" ";"2016";27;139;409;341
" ";" ";"2017";28;144;435;374
" ";"Mladinski hoteli"
" ";" ";"2008";-;-;-;-
" ";" ";"2009";-;-;-;-
" ";" ";"2010";4;42;141;115
" ";" ";"2011";6;59;183;156
" ";" ";"2012";5;51;166;143
" ";" ";"2013";4;47;153;132
" ";" ";"2014";4;47;154;132
" ";" ";"2015";4;47;154;132
" ";" ";"2016";3;35;130;109
" ";" ";"2017";2;30;106;85
" ";"Zasebne sobe, apartmaji, hiše"
" ";" ";"2008";...;408;1344;1160
" ";" ";"2009";...;384;1262;1130
" ";" ";"2010";...;396;1282;1131
" ";" ";"2011";...;357;1148;999
" ";" ";"2012";...;393;1227;1045
" ";" ";"2013";...;396;1237;1056
" ";" ";"2014";...;373;1201;1031
" ";" ";"2015";...;421;1365;1176
" ";" ";"2016";...;396;1293;1097
" ";" ";"2017";...;373;1297;1086
" ";"Planinski domovi in koèe"
" ";" ";"2008";6;38;182;182
" ";" ";"2009";5;33;175;175
" ";" ";"2010";3;20;95;95
" ";" ";"2011";3;28;149;149
" ";" ";"2012";3;29;135;133
" ";" ";"2013";3;31;159;157
" ";" ";"2014";3;31;159;157
" ";" ";"2015";3;29;159;157
" ";" ";"2016";3;29;156;154
" ";" ";"2017";3;29;156;154
" ";"Delavski poèit.domovi in apartmaji, otroški in mladinski poèitniški domovi"
" ";" ";"2008";...;127;571;551
" ";" ";"2009";...;130;552;532
" ";" ";"2010";...;132;578;560
" ";" ";"2011";...;128;573;562
" ";" ";"2012";...;137;602;598
" ";" ";"2013";...;118;569;565
" ";" ";"2014";...;121;575;567
" ";" ";"2015";...;128;603;595
" ";" ";"2016";...;131;625;620
" ";" ";"2017";...;121;572;567
" ";"Drugi nastanitveni objekti"
" ";" ";"2008";3;20;45;41
" ";" ";"2009";3;19;43;39
" ";" ";"2010";3;19;43;39
" ";" ";"2011";2;15;36;32
" ";" ";"2012";2;8;20;20
" ";" ";"2013";3;18;52;44
" ";" ";"2014";4;43;152;144
" ";" ";"2015";4;20;59;52
" ";" ";"2016";3;7;28;26
" ";" ";"2017";4;8;33;32
" ";"Zaèasne nastanitvene zmogljivosti in marine"
" ";" ";"2008";3;119;254;254
" ";" ";"2009";3;113;246;246
" ";" ";"2010";2;74;164;164
" ";" ";"2011";3;107;298;298
" ";" ";"2012";3;119;279;279
" ";" ";"2013";3;119;279;279
" ";" ";"2014";3;131;326;326
" ";" ";"2015";3;115;254;254
" ";" ";"2016";3;115;255;255
" ";" ";"2017";3;115;255;255
"Gorske obèine"
" ";"Vrste nastanitvenih objektov - SKUPAJ"
" ";" ";"2008";...;11349;35471;32512
" ";" ";"2009";...;11375;35605;32523
" ";" ";"2010";...;11795;38636;35394
" ";" ";"2011";...;11580;38028;34858
" ";" ";"2012";...;11820;39311;35921
" ";" ";"2013";...;11876;39516;36155
" ";" ";"2014";...;11813;39851;36325
" ";" ";"2015";...;12108;41556;37970
" ";" ";"2016";...;12617;43222;39558
" ";" ";"2017";...;12996;45199;41325
" ";"Hoteli"
" ";" ";"2008";66;3493;8296;7369
" ";" ";"2009";68;3625;8492;7483
" ";" ";"2010";68;3569;8322;7445
" ";" ";"2011";67;3524;8298;7460
" ";" ";"2012";70;3623;8639;7783
" ";" ";"2013";70;3620;8570;7718
" ";" ";"2014";71;3501;8483;7554
" ";" ";"2015";77;3590;8728;7823
" ";" ";"2016";81;3614;8913;7938
" ";" ";"2017";81;3647;9124;7985
" ";"Moteli"
" ";" ";"2008";2;25;60;52
" ";" ";"2009";2;25;60;48
" ";" ";"2010";2;24;53;45
" ";" ";"2011";2;24;52;44
" ";" ";"2012";2;24;52;44
" ";" ";"2013";2;19;43;33
" ";" ";"2014";2;20;47;35
" ";" ";"2015";2;19;43;33
" ";" ";"2016";2;17;56;40
" ";" ";"2017";2;22;72;58
" ";"Penzioni"
" ";" ";"2008";53;651;1740;1622
" ";" ";"2009";52;608;1611;1495
" ";" ";"2010";52;596;1564;1431
" ";" ";"2011";49;569;1540;1391
" ";" ";"2012";46;537;1466;1341
" ";" ";"2013";46;525;1424;1262
" ";" ";"2014";44;492;1335;1195
" ";" ";"2015";46;525;1374;1241
" ";" ";"2016";45;504;1262;1179
" ";" ";"2017";46;508;1291;1200
" ";"Gostišèa"
" ";" ";"2008";55;486;1302;1240
" ";" ";"2009";55;447;1191;1123
" ";" ";"2010";52;433;1144;1096
" ";" ";"2011";51;455;1194;1145
" ";" ";"2012";50;438;1170;1102
" ";" ";"2013";46;408;1007;956
" ";" ";"2014";46;351;881;827
" ";" ";"2015";50;381;968;901
" ";" ";"2016";50;368;922;865
" ";" ";"2017";47;360;894;841
" ";"Prenoèišèa"
" ";" ";"2008";17;146;399;372
" ";" ";"2009";17;148;404;378
" ";" ";"2010";14;77;209;182
" ";" ";"2011";11;69;170;151
" ";" ";"2012";16;102;255;233
" ";" ";"2013";18;152;357;326
" ";" ";"2014";17;156;409;384
" ";" ";"2015";15;98;294;274
" ";" ";"2016";15;59;160;140
" ";" ";"2017";16;72;204;179
" ";"Apartmajska in poèitniška naselja"
" ";" ";"2008";25;327;1161;901
" ";" ";"2009";23;324;1206;955
" ";" ";"2010";15;284;1204;907
" ";" ";"2011";16;304;1230;930
" ";" ";"2012";14;305;1284;971
" ";" ";"2013";9;245;1042;938
" ";" ";"2014";9;252;1102;978
" ";" ";"2015";10;240;975;868
" ";" ";"2016";13;285;1153;1030
" ";" ";"2017";14;263;1058;956
" ";"Kampi"
" ";" ";"2008";25;2302;6421;6411
" ";" ";"2009";24;2197;5955;5945
" ";" ";"2010";26;2547;8350;8330
" ";" ";"2011";27;2569;8225;8225
" ";" ";"2012";27;2488;8310;8307
" ";" ";"2013";31;2566;8734;8691
" ";" ";"2014";33;2651;9000;8957
" ";" ";"2015";34;2699;9328;9192
" ";" ";"2016";34;2906;10119;10079
" ";" ";"2017";34;2935;10927;10827
" ";"Turistiène kmetije z nastanitvijo"
" ";" ";"2008";61;317;893;803
" ";" ";"2009";71;363;1088;969
" ";" ";"2010";85;393;1198;1054
" ";" ";"2011";89;398;1244;1075
" ";" ";"2012";92;418;1312;1140
" ";" ";"2013";96;460;1456;1268
" ";" ";"2014";99;449;1374;1200
" ";" ";"2015";92;453;1428;1254
" ";" ";"2016";99;502;1613;1407
" ";" ";"2017";102;540;1685;1474
" ";"Mladinski hoteli"
" ";" ";"2008";-;-;-;-
" ";" ";"2009";-;-;-;-
" ";" ";"2010";5;93;293;281
" ";" ";"2011";7;102;344;332
" ";" ";"2012";8;107;364;350
" ";" ";"2013";9;117;430;391
" ";" ";"2014";12;136;518;476
" ";" ";"2015";16;166;656;599
" ";" ";"2016";26;254;1059;998
" ";" ";"2017";29;338;1144;1081
" ";"Zasebne sobe, apartmaji, hiše"
" ";" ";"2008";...;1740;6026;5288
" ";" ";"2009";...;1769;6338;5590
" ";" ";"2010";...;1957;7137;6186
" ";" ";"2011";...;1922;7245;6189
" ";" ";"2012";...;2153;8158;6944
" ";" ";"2013";...;2100;8083;6781
" ";" ";"2014";...;2187;8474;7071
" ";" ";"2015";...;2266;9361;7870
" ";" ";"2016";...;2416;9598;8000
" ";" ";"2017";...;2614;10516;8797
" ";"Planinski domovi in koèe"
" ";" ";"2008";89;809;5159;4864
" ";" ";"2009";93;847;5314;4973
" ";" ";"2010";98;853;5348;5067
" ";" ";"2011";93;824;5205;4972
" ";" ";"2012";92;823;5047;4792
" ";" ";"2013";95;854;5108;4858
" ";" ";"2014";94;823;4976;4726
" ";" ";"2015";94;835;5052;4798
" ";" ";"2016";97;850;5122;4841
" ";" ";"2017";98;850;5012;4877
" ";"Delavski poèit.domovi in apartmaji, otroški in mladinski poèitniški domovi"
" ";" ";"2008";...;951;3631;3320
" ";" ";"2009";...;922;3568;3299
" ";" ";"2010";...;891;3489;3158
" ";" ";"2011";...;770;3013;2797
" ";" ";"2012";...;748;2980;2753
" ";" ";"2013";...;751;3002;2786
" ";" ";"2014";...;719;2922;2705
" ";" ";"2015";...;738;2979;2762
" ";" ";"2016";...;699;2865;2666
" ";" ";"2017";...;705;2900;2695
" ";"Drugi nastanitveni objekti"
" ";" ";"2008";12;91;241;238
" ";" ";"2009";12;89;236;233
" ";" ";"2010";9;67;183;180
" ";" ";"2011";7;39;126;115
" ";" ";"2012";8;43;132;129
" ";" ";"2013";8;48;118;115
" ";" ";"2014";7;65;188;185
" ";" ";"2015";9;87;228;213
" ";" ";"2016";11;132;348;343
" ";" ";"2017";11;131;340;323
" ";"Zaèasne nastanitvene zmogljivosti in marine"
" ";" ";"2008";1;11;142;32
" ";" ";"2009";1;11;142;32
" ";" ";"2010";1;11;142;32
" ";" ";"2011";1;11;142;32
" ";" ";"2012";1;11;142;32
" ";" ";"2013";1;11;142;32
" ";" ";"2014";1;11;142;32
" ";" ";"2015";1;11;142;142
" ";" ";"2016";1;11;32;32
" ";" ";"2017";1;11;32;32
"Obmorske obèine"
" ";"Vrste nastanitvenih objektov - SKUPAJ"
" ";" ";"2008";...;9128;24912;22817
" ";" ";"2009";...;9313;25486;23372
" ";" ";"2010";...;8821;24080;22210
" ";" ";"2011";...;8943;24531;22452
" ";" ";"2012";...;8661;24560;22371
" ";" ";"2013";...;8653;24752;22355
" ";" ";"2014";...;8554;24512;22187
" ";" ";"2015";...;8615;24877;22527
" ";" ";"2016";...;8637;24938;22495
" ";" ";"2017";...;8894;25387;22668
" ";"Hoteli"
" ";" ";"2008";38;4044;9264;8077
" ";" ";"2009";37;4092;9371;8199
" ";" ";"2010";37;4105;9330;8233
" ";" ";"2011";37;4106;9525;8311
" ";" ";"2012";38;3899;9025;7800
" ";" ";"2013";38;3899;9016;7807
" ";" ";"2014";41;3981;9244;7970
" ";" ";"2015";42;3990;9328;8052
" ";" ";"2016";42;3959;9361;8015
" ";" ";"2017";43;4031;9503;8118
" ";"Moteli"
" ";" ";"2008";1;24;48;48
" ";" ";"2009";-;-;-;-
" ";" ";"2010";-;-;-;-
" ";" ";"2011";-;-;-;-
" ";" ";"2012";-;-;-;-
" ";" ";"2013";-;-;-;-
" ";" ";"2014";-;-;-;-
" ";" ";"2015";-;-;-;-
" ";" ";"2016";-;-;-;-
" ";" ";"2017";-;-;-;-
" ";"Penzioni"
" ";" ";"2008";7;97;350;344
" ";" ";"2009";9;141;461;453
" ";" ";"2010";8;106;395;335
" ";" ";"2011";7;103;377;318
" ";" ";"2012";7;98;277;244
" ";" ";"2013";7;98;278;244
" ";" ";"2014";6;83;247;213
" ";" ";"2015";5;78;237;204
" ";" ";"2016";5;79;236;203
" ";" ";"2017";5;79;236;203
" ";"Gostišèa"
" ";" ";"2008";-;-;-;-
" ";" ";"2009";-;-;-;-
" ";" ";"2010";1;20;50;50
" ";" ";"2011";2;24;60;58
" ";" ";"2012";2;24;60;60
" ";" ";"2013";2;35;80;80
" ";" ";"2014";3;40;91;91
" ";" ";"2015";3;40;91;91
" ";" ";"2016";4;50;122;122
" ";" ";"2017";4;50;122;122
" ";"Prenoèišèa"
" ";" ";"2008";8;78;215;200
" ";" ";"2009";12;112;293;280
" ";" ";"2010";6;35;88;81
" ";" ";"2011";7;47;117;106
" ";" ";"2012";6;37;96;88
" ";" ";"2013";6;40;99;97
" ";" ";"2014";9;50;150;142
" ";" ";"2015";9;47;128;125
" ";" ";"2016";7;32;89;82
" ";" ";"2017";9;53;124;115
" ";"Apartmajska in poèitniška naselja"
" ";" ";"2008";5;192;730;606
" ";" ";"2009";3;172;647;536
" ";" ";"2010";4;180;681;563
" ";" ";"2011";5;318;1082;898
" ";" ";"2012";5;318;1188;883
" ";" ";"2013";4;310;1154;856
" ";" ";"2014";4;309;1154;856
" ";" ";"2015";4;308;1155;857
" ";" ";"2016";3;289;1090;815
" ";" ";"2017";3;291;948;708
" ";"Kampi"
" ";" ";"2008";7;1640;4070;4070
" ";" ";"2009";7;1640;4075;4075
" ";" ";"2010";7;1919;4665;4665
" ";" ";"2011";8;1954;4935;4935
" ";" ";"2012";9;1786;5158;5158
" ";" ";"2013";7;1695;4877;4877
" ";" ";"2014";7;1696;4877;4877
" ";" ";"2015";7;1739;5005;5005
" ";" ";"2016";8;1750;5027;5027
" ";" ";"2017";7;1703;4792;4792
" ";"Turistiène kmetije z nastanitvijo"
" ";" ";"2008";6;27;74;66
" ";" ";"2009";6;27;74;66
" ";" ";"2010";6;18;55;55
" ";" ";"2011";6;13;41;37
" ";" ";"2012";9;19;78;65
" ";" ";"2013";9;22;86;71
" ";" ";"2014";10;23;80;69
" ";" ";"2015";10;23;82;72
" ";" ";"2016";8;19;60;51
" ";" ";"2017";11;27;76;65
" ";"Mladinski hoteli"
" ";" ";"2008";-;-;-;-
" ";" ";"2009";-;-;-;-
" ";" ";"2010";8;88;293;284
" ";" ";"2011";8;88;294;287
" ";" ";"2012";9;95;337;329
" ";" ";"2013";12;107;425;406
" ";" ";"2014";15;121;469;457
" ";" ";"2015";17;148;508;489
" ";" ";"2016";20;183;628;607
" ";" ";"2017";16;189;622;577
" ";"Zasebne sobe, apartmaji, hiše"
" ";" ";"2008";...;1950;5621;5101
" ";" ";"2009";...;2060;6126;5492
" ";" ";"2010";...;1223;3870;3450
" ";" ";"2011";...;1221;3677;3214
" ";" ";"2012";...;1329;3975;3482
" ";" ";"2013";...;1378;4247;3565
" ";" ";"2014";...;1203;3863;3293
" ";" ";"2015";...;1171;3961;3378
" ";" ";"2016";...;1244;4138;3506
" ";" ";"2017";...;1461;4919;4133
" ";"Planinski domovi in koèe"
" ";" ";"2008";1;2;20;16
" ";" ";"2009";1;2;20;16
" ";" ";"2010";1;3;25;20
" ";" ";"2011";1;2;24;22
" ";" ";"2012";1;2;24;20
" ";" ";"2013";1;2;24;20
" ";" ";"2014";1;2;24;20
" ";" ";"2015";1;2;24;20
" ";" ";"2016";1;3;24;20
" ";" ";"2017";1;3;24;20
" ";"Delavski poèit.domovi in apartmaji, otroški in mladinski poèitniški domovi"
" ";" ";"2008";...;491;2556;2325
" ";" ";"2009";...;483;2441;2277
" ";" ";"2010";...;511;2594;2495
" ";" ";"2011";...;452;2387;2254
" ";" ";"2012";...;440;2313;2213
" ";" ";"2013";...;428;2234;2140
" ";" ";"2014";...;417;2216;2113
" ";" ";"2015";...;417;2189;2105
" ";" ";"2016";...;411;2142;2059
" ";" ";"2017";...;347;1820;1735
" ";"Drugi nastanitveni objekti"
" ";" ";"2008";4;27;66;66
" ";" ";"2009";4;27;66;66
" ";" ";"2010";4;30;73;73
" ";" ";"2011";4;30;73;73
" ";" ";"2012";4;30;73;73
" ";" ";"2013";4;29;70;70
" ";" ";"2014";3;23;62;58
" ";" ";"2015";3;24;65;63
" ";" ";"2016";3;24;66;64
" ";" ";"2017";3;37;104;87
" ";"Zaèasne nastanitvene zmogljivosti in marine"
" ";" ";"2008";7;556;1898;1898
" ";" ";"2009";7;557;1912;1912
" ";" ";"2010";7;583;1961;1906
" ";" ";"2011";7;585;1939;1939
" ";" ";"2012";7;584;1956;1956
" ";" ";"2013";7;610;2162;2122
" ";" ";"2014";7;606;2035;2028
" ";" ";"2015";7;628;2104;2066
" ";" ";"2016";7;594;1955;1924
" ";" ";"2017";7;623;2097;1993
"Ljubljana"
" ";"Vrste nastanitvenih objektov - SKUPAJ"
" ";" ";"2008";...;3356;7290;6858
" ";" ";"2009";...;3342;7197;6787
" ";" ";"2010";...;3745;8186;7738
" ";" ";"2011";...;3667;8182;7807
" ";" ";"2012";...;4040;9056;8397
" ";" ";"2013";...;3909;9252;8569
" ";" ";"2014";...;4022;9597;8882
" ";" ";"2015";...;4138;10030;9249
" ";" ";"2016";...;4353;10726;9753
" ";" ";"2017";...;4627;11469;10382
" ";"Hoteli"
" ";" ";"2008";18;1985;3802;3539
" ";" ";"2009";18;1942;3623;3389
" ";" ";"2010";20;1991;3859;3595
" ";" ";"2011";21;2020;3952;3734
" ";" ";"2012";28;2417;5008;4499
" ";" ";"2013";29;2443;5055;4537
" ";" ";"2014";29;2458;5122;4581
" ";" ";"2015";31;2477;5166;4593
" ";" ";"2016";32;2500;5341;4678
" ";" ";"2017";34;2687;5647;4966
" ";"Moteli"
" ";" ";"2008";-;-;-;-
" ";" ";"2009";-;-;-;-
" ";" ";"2010";-;-;-;-
" ";" ";"2011";-;-;-;-
" ";" ";"2012";-;-;-;-
" ";" ";"2013";-;-;-;-
" ";" ";"2014";-;-;-;-
" ";" ";"2015";-;-;-;-
" ";" ";"2016";-;-;-;-
" ";" ";"2017";-;-;-;-
" ";"Penzioni"
" ";" ";"2008";5;55;123;118
" ";" ";"2009";4;44;98;95
" ";" ";"2010";4;44;98;95
" ";" ";"2011";4;48;108;101
" ";" ";"2012";4;51;114;107
" ";" ";"2013";4;46;104;96
" ";" ";"2014";4;46;104;96
" ";" ";"2015";3;39;84;77
" ";" ";"2016";4;55;119;112
" ";" ";"2017";4;55;119;112
" ";"Gostišèa"
" ";" ";"2008";5;63;122;122
" ";" ";"2009";4;58;112;112
" ";" ";"2010";4;58;113;110
" ";" ";"2011";4;57;112;108
" ";" ";"2012";3;22;42;42
" ";" ";"2013";4;34;72;72
" ";" ";"2014";3;27;58;58
" ";" ";"2015";5;58;146;144
" ";" ";"2016";5;59;153;143
" ";" ";"2017";5;49;115;105
" ";"Prenoèišèa"
" ";" ";"2008";11;108;344;335
" ";" ";"2009";14;137;424;414
" ";" ";"2010";7;55;146;137
" ";" ";"2011";8;73;175;167
" ";" ";"2012";8;93;221;209
" ";" ";"2013";9;107;253;239
" ";" ";"2014";11;123;271;257
" ";" ";"2015";11;132;287;273
" ";" ";"2016";11;131;253;252
" ";" ";"2017";11;143;316;315
" ";"Apartmajska in poèitniška naselja"
" ";" ";"2008";3;17;52;39
" ";" ";"2009";1;17;51;37
" ";" ";"2010";-;-;-;-
" ";" ";"2011";-;-;-;-
" ";" ";"2012";-;-;-;-
" ";" ";"2013";-;-;-;-
" ";" ";"2014";-;-;-;-
" ";" ";"2015";-;-;-;-
" ";" ";"2016";-;-;-;-
" ";" ";"2017";-;-;-;-
" ";"Kampi"
" ";" ";"2008";1;300;600;600
" ";" ";"2009";1;300;600;600
" ";" ";"2010";1;300;600;600
" ";" ";"2011";1;364;600;600
" ";" ";"2012";1;300;600;600
" ";" ";"2013";1;174;522;522
" ";" ";"2014";1;174;522;522
" ";" ";"2015";2;186;584;572
" ";" ";"2016";2;186;584;572
" ";" ";"2017";2;186;596;572
" ";"Turistiène kmetije z nastanitvijo"
" ";" ";"2008";2;6;12;11
" ";" ";"2009";2;6;12;11
" ";" ";"2010";2;15;28;27
" ";" ";"2011";2;15;28;27
" ";" ";"2012";4;35;64;63
" ";" ";"2013";4;20;46;38
" ";" ";"2014";5;38;81;71
" ";" ";"2015";4;23;55;44
" ";" ";"2016";4;23;53;44
" ";" ";"2017";4;12;36;27
" ";"Mladinski hoteli"
" ";" ";"2008";-;-;-;-
" ";" ";"2009";-;-;-;-
" ";" ";"2010";4;59;232;232
" ";" ";"2011";5;63;267;266
" ";" ";"2012";8;115;408;360
" ";" ";"2013";10;151;594;534
" ";" ";"2014";11;162;634;607
" ";" ";"2015";13;194;771;734
" ";" ";"2016";15;207;821;783
" ";" ";"2017";16;212;845;804
" ";"Zasebne sobe, apartmaji, hiše"
" ";" ";"2008";...;165;543;432
" ";" ";"2009";...;190;631;513
" ";" ";"2010";...;233;746;616
" ";" ";"2011";...;230;781;645
" ";" ";"2012";...;212;640;558
" ";" ";"2013";...;238;684;609
" ";" ";"2014";...;269;800;685
" ";" ";"2015";...;291;906;781
" ";" ";"2016";...;436;1338;1105
" ";" ";"2017";...;589;1930;1616
" ";"Planinski domovi in koèe"
" ";" ";"2008";2;9;63;43
" ";" ";"2009";2;9;63;43
" ";" ";"2010";2;9;63;55
" ";" ";"2011";1;5;30;30
" ";" ";"2012";1;5;30;30
" ";" ";"2013";-;-;-;-
" ";" ";"2014";-;-;-;-
" ";" ";"2015";-;-;-;-
" ";" ";"2016";-;-;-;-
" ";" ";"2017";-;-;-;-
" ";"Delavski poèit.domovi in apartmaji, otroški in mladinski poèitniški domovi"
" ";" ";"2008";...;6;31;21
" ";" ";"2009";...;6;31;21
" ";" ";"2010";...;6;31;21
" ";" ";"2011";-;-;-;-
" ";" ";"2012";...;-;-;-
" ";" ";"2013";...;-;-;-
" ";" ";"2014";...;-;-;-
" ";" ";"2015";...;-;-;-
" ";" ";"2016";...;-;-;-
" ";" ";"2017";...;-;-;-
" ";"Drugi nastanitveni objekti"
" ";" ";"2008";2;7;16;16
" ";" ";"2009";2;7;16;16
" ";" ";"2010";1;4;8;8
" ";" ";"2011";1;4;8;8
" ";" ";"2012";1;4;8;8
" ";" ";"2013";1;4;8;8
" ";" ";"2014";1;4;8;8
" ";" ";"2015";1;4;8;8
" ";" ";"2016";2;16;32;32
" ";" ";"2017";2;16;32;32
" ";"Zaèasne nastanitvene zmogljivosti in marine"
" ";" ";"2008";7;635;1582;1582
" ";" ";"2009";7;626;1536;1536
" ";" ";"2010";9;971;2262;2242
" ";" ";"2011";7;788;2121;2121
" ";" ";"2012";7;786;1921;1921
" ";" ";"2013";7;692;1914;1914
" ";" ";"2014";9;721;1997;1997
" ";" ";"2015";9;734;2023;2023
" ";" ";"2016";9;740;2032;2032
" ";" ";"2017";7;678;1833;1833
"Mestne obèine"
" ";"Vrste nastanitvenih objektov - SKUPAJ"
" ";" ";"2008";...;3143;6835;6535
" ";" ";"2009";...;3261;7046;6739
" ";" ";"2010";...;3510;8001;7558
" ";" ";"2011";...;3780;8760;8363
" ";" ";"2012";...;4073;10104;9669
" ";" ";"2013";...;4016;9561;9101
" ";" ";"2014";...;4193;9964;9521
" ";" ";"2015";...;4396;10356;9903
" ";" ";"2016";...;4284;10131;9646
" ";" ";"2017";...;4342;10320;9791
" ";"Hoteli"
" ";" ";"2008";37;1918;3701;3560
" ";" ";"2009";37;2007;3759;3618
" ";" ";"2010";39;1972;3973;3737
" ";" ";"2011";43;2111;4275;4049
" ";" ";"2012";42;2095;4267;4028
" ";" ";"2013";44;2140;4367;4103
" ";" ";"2014";43;2127;4320;4075
" ";" ";"2015";44;2150;4384;4128
" ";" ";"2016";43;2113;4313;4046
" ";" ";"2017";46;2210;4532;4235
" ";"Moteli"
" ";" ";"2008";2;51;109;109
" ";" ";"2009";2;51;109;109
" ";" ";"2010";2;51;105;105
" ";" ";"2011";2;51;105;105
" ";" ";"2012";1;21;40;40
" ";" ";"2013";1;21;40;40
" ";" ";"2014";1;21;40;40
" ";" ";"2015";1;21;40;40
" ";" ";"2016";1;21;40;40
" ";" ";"2017";1;20;42;42
" ";"Penzioni"
" ";" ";"2008";8;112;286;256
" ";" ";"2009";7;97;211;181
" ";" ";"2010";7;92;216;186
" ";" ";"2011";7;89;208;178
" ";" ";"2012";7;92;208;178
" ";" ";"2013";7;89;201;170
" ";" ";"2014";7;89;201;170
" ";" ";"2015";8;101;220;192
" ";" ";"2016";7;89;194;168
" ";" ";"2017";7;89;194;168
" ";"Gostišèa"
" ";" ";"2008";17;148;327;313
" ";" ";"2009";18;153;338;324
" ";" ";"2010";16;156;338;314
" ";" ";"2011";16;160;350;326
" ";" ";"2012";19;189;444;394
" ";" ";"2013";18;188;439;388
" ";" ";"2014";15;148;350;312
" ";" ";"2015";19;171;404;359
" ";" ";"2016";18;165;398;346
" ";" ";"2017";18;161;383;337
" ";"Prenoèišèa"
" ";" ";"2008";17;152;379;361
" ";" ";"2009";19;142;425;407
" ";" ";"2010";16;120;292;277
" ";" ";"2011";16;169;403;391
" ";" ";"2012";19;207;530;517
" ";" ";"2013";16;200;486;477
" ";" ";"2014";15;337;721;702
" ";" ";"2015";14;309;637;623
" ";" ";"2016";11;225;519;510
" ";" ";"2017";11;201;474;467
" ";"Apartmajska in poèitniška naselja"
" ";" ";"2008";1;8;18;18
" ";" ";"2009";2;9;24;24
" ";" ";"2010";-;-;-;-
" ";" ";"2011";1;8;18;18
" ";" ";"2012";1;21;88;72
" ";" ";"2013";1;21;88;72
" ";" ";"2014";1;21;88;72
" ";" ";"2015";1;21;88;72
" ";" ";"2016";1;21;85;75
" ";" ";"2017";1;21;85;75
" ";"Kampi"
" ";" ";"2008";5;160;500;500
" ";" ";"2009";5;160;500;500
" ";" ";"2010";6;164;610;610
" ";" ";"2011";5;150;540;540
" ";" ";"2012";7;305;1440;1440
" ";" ";"2013";6;262;968;968
" ";" ";"2014";7;317;1198;1198
" ";" ";"2015";8;384;1304;1304
" ";" ";"2016";8;397;1231;1231
" ";" ";"2017";8;369;1158;1158
" ";"Turistiène kmetije z nastanitvijo"
" ";" ";"2008";17;106;261;226
" ";" ";"2009";17;107;267;227
" ";" ";"2010";19;110;263;230
" ";" ";"2011";21;106;281;247
" ";" ";"2012";21;103;277;249
" ";" ";"2013";23;106;297;264
" ";" ";"2014";22;98;276;242
" ";" ";"2015";21;96;291;252
" ";" ";"2016";21;95;287;248
" ";" ";"2017";20;90;268;235
" ";"Mladinski hoteli"
" ";" ";"2008";-;-;-;-
" ";" ";"2009";-;-;-;-
" ";" ";"2010";3;28;135;131
" ";" ";"2011";4;37;141;137
" ";" ";"2012";5;66;250;232
" ";" ";"2013";6;69;260;242
" ";" ";"2014";5;72;258;243
" ";" ";"2015";7;106;344;329
" ";" ";"2016";10;151;492;459
" ";" ";"2017";10;149;531;499
" ";"Zasebne sobe, apartmaji, hiše"
" ";" ";"2008";...;122;337;309
" ";" ";"2009";...;129;358;326
" ";" ";"2010";...;138;377;333
" ";" ";"2011";...;117;363;322
" ";" ";"2012";...;120;379;340
" ";" ";"2013";...;103;326;290
" ";" ";"2014";...;121;380;337
" ";" ";"2015";...;105;356;318
" ";" ";"2016";...;138;444;397
" ";" ";"2017";...;155;525;449
" ";"Planinski domovi in koèe"
" ";" ";"2008";4;26;121;116
" ";" ";"2009";4;26;121;116
" ";" ";"2010";5;41;186;184
" ";" ";"2011";7;52;278;277
" ";" ";"2012";8;71;317;315
" ";" ";"2013";7;61;249;247
" ";" ";"2014";7;60;251;249
" ";" ";"2015";6;52;210;208
" ";" ";"2016";7;58;245;243
" ";" ";"2017";7;59;245;243
" ";"Delavski poèit.domovi in apartmaji, otroški in mladinski poèitniški domovi"
" ";" ";"2008";...;6;34;34
" ";" ";"2009";...;6;34;34
" ";" ";"2010";...;6;34;34
" ";" ";"2011";...;6;34;34
" ";" ";"2012";...;5;26;26
" ";" ";"2013";...;5;26;26
" ";" ";"2014";...;10;66;66
" ";" ";"2015";...;10;66;66
" ";" ";"2016";...;5;26;26
" ";" ";"2017";...;6;26;26
" ";"Drugi nastanitveni objekti"
" ";" ";"2008";2;27;129;104
" ";" ";"2009";3;44;211;186
" ";" ";"2010";3;37;201;176
" ";" ";"2011";2;27;129;104
" ";" ";"2012";-;-;-;-
" ";" ";"2013";-;-;-;-
" ";" ";"2014";-;-;-;-
" ";" ";"2015";1;4;16;16
" ";" ";"2016";2;26;38;38
" ";" ";"2017";2;26;38;38
" ";"Zaèasne nastanitvene zmogljivosti in marine"
" ";" ";"2008";11;307;633;629
" ";" ";"2009";10;330;689;687
" ";" ";"2010";9;595;1271;1241
" ";" ";"2011";9;697;1635;1635
" ";" ";"2012";9;778;1838;1838
" ";" ";"2013";9;751;1814;1814
" ";" ";"2014";9;772;1815;1815
" ";" ";"2015";9;866;1996;1996
" ";" ";"2016";8;780;1819;1819
" ";" ";"2017";8;786;1819;1819
"Druge obèine"
" ";"Vrste nastanitvenih objektov - SKUPAJ"
" ";" ";"2008";...;5294;14830;13896
" ";" ";"2009";...;5601;15650;14640
" ";" ";"2010";...;6114;17267;16157
" ";" ";"2011";...;6019;16981;15908
" ";" ";"2012";...;5878;16665;15670
" ";" ";"2013";...;5766;16697;15634
" ";" ";"2014";...;5936;17079;16027
" ";" ";"2015";...;6113;17674;16532
" ";" ";"2016";...;6457;18902;17693
" ";" ";"2017";...;6583;19897;18591
" ";"Hoteli"
" ";" ";"2008";46;1461;3201;2959
" ";" ";"2009";48;1606;3511;3269
" ";" ";"2010";51;1634;3546;3278
" ";" ";"2011";53;1670;3669;3379
" ";" ";"2012";49;1473;3288;3025
" ";" ";"2013";46;1379;3122;2827
" ";" ";"2014";48;1422;3189;2904
" ";" ";"2015";48;1413;3202;2904
" ";" ";"2016";56;1646;3844;3475
" ";" ";"2017";54;1621;3762;3422
" ";"Moteli"
" ";" ";"2008";5;116;248;234
" ";" ";"2009";5;116;248;234
" ";" ";"2010";5;89;199;199
" ";" ";"2011";4;53;128;128
" ";" ";"2012";3;43;97;97
" ";" ";"2013";2;33;73;73
" ";" ";"2014";2;33;73;73
" ";" ";"2015";2;33;74;74
" ";" ";"2016";4;52;146;146
" ";" ";"2017";4;52;146;146
" ";"Penzioni"
" ";" ";"2008";20;214;531;469
" ";" ";"2009";21;220;555;492
" ";" ";"2010";19;190;458;405
" ";" ";"2011";19;174;399;375
" ";" ";"2012";17;167;383;359
" ";" ";"2013";16;150;345;327
" ";" ";"2014";15;134;322;303
" ";" ";"2015";18;158;389;375
" ";" ";"2016";21;180;452;436
" ";" ";"2017";20;174;438;422
" ";"Gostišèa"
" ";" ";"2008";84;652;1591;1487
" ";" ";"2009";84;644;1549;1431
" ";" ";"2010";83;648;1546;1439
" ";" ";"2011";81;653;1545;1423
" ";" ";"2012";79;648;1508;1411
" ";" ";"2013";79;642;1502;1383
" ";" ";"2014";81;638;1496;1399
" ";" ";"2015";95;718;1705;1589
" ";" ";"2016";94;712;1706;1567
" ";" ";"2017";92;704;1720;1593
" ";"Prenoèišèa"
" ";" ";"2008";36;239;667;619
" ";" ";"2009";38;247;689;635
" ";" ";"2010";36;196;511;454
" ";" ";"2011";39;192;519;464
" ";" ";"2012";32;178;483;434
" ";" ";"2013";33;176;484;434
" ";" ";"2014";38;242;644;573
" ";" ";"2015";34;215;563;488
" ";" ";"2016";30;219;568;489
" ";" ";"2017";32;239;635;562
" ";"Apartmajska in poèitniška naselja"
" ";" ";"2008";7;41;200;127
" ";" ";"2009";8;38;198;127
" ";" ";"2010";5;333;775;709
" ";" ";"2011";3;321;727;675
" ";" ";"2012";1;300;600;600
" ";" ";"2013";1;300;600;600
" ";" ";"2014";1;300;600;600
" ";" ";"2015";1;300;600;600
" ";" ";"2016";1;300;600;600
" ";" ";"2017";1;300;600;600
" ";"Kampi"
" ";" ";"2008";19;1146;3316;3298
" ";" ";"2009";19;1139;3296;3278
" ";" ";"2010";17;996;2986;2986
" ";" ";"2011";18;1023;3073;3071
" ";" ";"2012";19;1096;3200;3200
" ";" ";"2013";21;1029;3139;3135
" ";" ";"2014";20;1065;3250;3250
" ";" ";"2015";23;1179;3618;3618
" ";" ";"2016";24;1214;3850;3850
" ";" ";"2017";27;1272;4382;4335
" ";"Turistiène kmetije z nastanitvijo"
" ";" ";"2008";122;596;1759;1596
" ";" ";"2009";135;653;1926;1750
" ";" ";"2010";157;826;2363;2164
" ";" ";"2011";158;796;2351;2132
" ";" ";"2012";167;831;2491;2246
" ";" ";"2013";168;838;2513;2277
" ";" ";"2014";182;913;2765;2515
" ";" ";"2015";179;894;2789;2488
" ";" ";"2016";173;841;2586;2362
" ";" ";"2017";181;846;2657;2403
" ";"Mladinski hoteli"
" ";" ";"2008";-;-;-;-
" ";" ";"2009";-;-;-;-
" ";" ";"2010";-;-;-;-
" ";" ";"2011";4;31;155;146
" ";" ";"2012";7;67;286;253
" ";" ";"2013";8;73;313;281
" ";" ";"2014";9;83;340;309
" ";" ";"2015";10;100;364;340
" ";" ";"2016";13;140;532;513
" ";" ";"2017";15;169;632;613
" ";"Zasebne sobe, apartmaji, hiše"
" ";" ";"2008";...;407;1168;1076
" ";" ";"2009";...;492;1402;1289
" ";" ";"2010";...;532;1655;1485
" ";" ";"2011";...;523;1587;1435
" ";" ";"2012";...;555;1742;1559
" ";" ";"2013";...;561;1764;1568
" ";" ";"2014";...;557;1787;1571
" ";" ";"2015";...;535;1720;1487
" ";" ";"2016";...;558;1932;1646
" ";" ";"2017";...;686;2474;2099
" ";"Planinski domovi in koèe"
" ";" ";"2008";32;156;996;907
" ";" ";"2009";35;174;1104;1012
" ";" ";"2010";43;229;1501;1388
" ";" ";"2011";39;217;1348;1274
" ";" ";"2012";37;189;1227;1155
" ";" ";"2013";42;214;1352;1269
" ";" ";"2014";40;207;1243;1183
" ";" ";"2015";39;203;1254;1198
" ";" ";"2016";39;203;1164;1115
" ";" ";"2017";41;207;1187;1138
" ";"Delavski poèit.domovi in apartmaji, otroški in mladinski poèitniški domovi"
" ";" ";"2008";...;159;754;752
" ";" ";"2009";...;155;754;732
" ";" ";"2010";...;162;793;771
" ";" ";"2011";...;167;800;776
" ";" ";"2012";...;165;800;776
" ";" ";"2013";...;183;894;870
" ";" ";"2014";...;171;834;812
" ";" ";"2015";...;155;742;718
" ";" ";"2016";...;163;796;770
" ";" ";"2017";...;148;714;708
" ";"Drugi nastanitveni objekti"
" ";" ";"2008";15;69;257;252
" ";" ";"2009";17;79;276;271
" ";" ";"2010";15;71;258;253
" ";" ";"2011";13;47;180;180
" ";" ";"2012";13;47;179;174
" ";" ";"2013";15;64;211;205
" ";" ";"2014";15;51;160;159
" ";" ";"2015";15;90;278;277
" ";" ";"2016";16;107;408;407
" ";" ";"2017";15;112;394;394
" ";"Zaèasne nastanitvene zmogljivosti in marine"
" ";" ";"2008";4;38;142;120
" ";" ";"2009";4;38;142;120
" ";" ";"2010";4;208;676;626
" ";" ";"2011";5;152;500;450
" ";" ";"2012";3;119;381;381
" ";" ";"2013";3;124;385;385
" ";" ";"2014";3;120;376;376
" ";" ";"2015";3;120;376;376
" ";" ";"2016";2;122;318;317
" ";" ";"2017";3;53;156;156

"Vir: Statistièni urad Republike Slovenije "
" "
"Letni podatki o obsegu turistiènega prometa niso enaki seštevku "
"meseènih podatkov, saj vkljuèujejo tudi turistiène nastanitvene "
"objekte, ki razpolagajo z manj kot 10 stalnimi ležišèi. Glej "
"Metodološka pojasnila."

"Povezane vsebine: "
"- (seznam "
"HREF=http://www.stat.si/StatWeb/Common/PrikaziDokument.ashx?IdDatotek-"
"e=7779 target=_blank) Metodološka pojasnila "

